{
	"id": "4fc6d78a-907b-fe86-252b-d363cd17c6a1",
	"name": "CPSC671",
	"description": "",
	"order": [
		"270c1daf-fcde-f6a2-999e-8b6368a040dd",
		"d6dd4f67-fa39-20d5-ffdc-d540ac3b3415",
		"5c3564b6-a4b9-79c3-9cc5-d35e9f3236ff",
		"33c2c39d-ae6b-ae39-0ee2-db0e1825e26c",
		"788bbe7f-d600-593e-21ca-ba336c018ef5",
		"e0139072-adec-88d7-4aaf-b5aca0eb40a0",
		"fefae6f7-30f8-57c5-5868-db877b2456f3",
		"589cb8a1-c932-ccf5-1d5f-29b7c87ad197",
		"40d094ba-b65e-541b-845b-d6db0480b6dd",
		"f5f13eac-8582-4ea5-3cf5-be86ff48cb65",
		"290a1b6a-d27d-eb30-e4d1-534752d0fcca",
		"d934e2c5-776f-a3dd-63f0-63c6c7fc2fba",
		"943ed256-8771-c933-0bb9-440380ccc622",
		"3fc10516-95c9-9438-ed91-350260d7c17f"
	],
	"folders": [],
	"folders_order": [],
	"timestamp": 1607387737547,
	"owner": "2323085",
	"public": false,
	"requests": [
		{
			"id": "270c1daf-fcde-f6a2-999e-8b6368a040dd",
			"headers": "",
			"headerData": [],
			"url": "{{url}}/surveys",
			"queryParams": [],
			"preRequestScript": null,
			"pathVariables": {},
			"pathVariableData": [],
			"method": "GET",
			"data": null,
			"dataMode": "params",
			"version": 2,
			"tests": null,
			"currentHelper": "normal",
			"helperAttributes": {},
			"time": 1607480187550,
			"name": "surveys",
			"description": "Get all the surveys created so far by all users.",
			"collectionId": "4fc6d78a-907b-fe86-252b-d363cd17c6a1",
			"responses": []
		},
		{
			"id": "290a1b6a-d27d-eb30-e4d1-534752d0fcca",
			"headers": "Content-Type: application/json\n",
			"headerData": [
				{
					"key": "Content-Type",
					"value": "application/json",
					"description": "",
					"enabled": true
				}
			],
			"url": "{{url}}/agegroups",
			"queryParams": [],
			"preRequestScript": null,
			"pathVariables": {},
			"pathVariableData": [],
			"method": "GET",
			"data": [],
			"dataMode": "raw",
			"version": 2,
			"tests": null,
			"currentHelper": "normal",
			"helperAttributes": {},
			"time": 1607904542539,
			"name": "surveyagegroups",
			"description": "Get all the age groups and survey linked.",
			"collectionId": "4fc6d78a-907b-fe86-252b-d363cd17c6a1",
			"responses": [],
			"isFromCollection": true,
			"collectionRequestId": "f5f13eac-8582-4ea5-3cf5-be86ff48cb65",
			"rawModeData": "{\n\t\"username\":\"Yadvendar\",\n\t\"password\":\"asdrf\"\n\t\n\t\n}"
		},
		{
			"id": "33c2c39d-ae6b-ae39-0ee2-db0e1825e26c",
			"headers": "user_id: 1\nContent-Type: application/json\n",
			"headerData": [
				{
					"key": "user_id",
					"value": "1",
					"description": "",
					"enabled": true
				},
				{
					"key": "Content-Type",
					"value": "application/json",
					"description": "",
					"enabled": true
				}
			],
			"url": "{{url}}/submit_survey/1",
			"queryParams": [],
			"preRequestScript": null,
			"pathVariables": {},
			"pathVariableData": [],
			"method": "POST",
			"data": [],
			"dataMode": "raw",
			"version": 2,
			"tests": null,
			"currentHelper": "normal",
			"helperAttributes": {},
			"time": 1608084133749,
			"name": "submit_survey",
			"description": "submit the survey and update the respective tables.",
			"collectionId": "4fc6d78a-907b-fe86-252b-d363cd17c6a1",
			"responses": [],
			"rawModeData": "{\n\t\"survey_name\": \"CPSC-671\",\n\t\"questions\":\n\t{ \"data\":[\n        {\n        \t\"question_id\":1,\n            \"question_description\":\"Rate your experience\",\n            \"score\":5\n        },\n        {\n        \t\"question_id\":2,\n            \"question_description\":\"How are you\",\n            \"score\":4\n        },\n        {\n        \t\"question_id\":3,\n            \"question_description\":\"How is the load\",\n            \"score\":7\n        }\n\t]\n\t\t\n\t},\n\t\"location_id\":1,\n\t\"age_group_id\":2,\n\t\"gender_id\":1\n}"
		},
		{
			"id": "3fc10516-95c9-9438-ed91-350260d7c17f",
			"headers": "Content-Type: application/json\n",
			"headerData": [
				{
					"key": "Content-Type",
					"value": "application/json",
					"description": "",
					"enabled": true
				}
			],
			"url": "{{url}}/surveylocations",
			"queryParams": [],
			"preRequestScript": null,
			"pathVariables": {},
			"pathVariableData": [],
			"method": "GET",
			"data": [],
			"dataMode": "raw",
			"version": 2,
			"tests": null,
			"currentHelper": "normal",
			"helperAttributes": {},
			"time": 1607912225218,
			"name": "surveylocations copy",
			"description": "Get all the survey and locations interpretations.",
			"collectionId": "4fc6d78a-907b-fe86-252b-d363cd17c6a1",
			"responses": [],
			"isFromCollection": true,
			"collectionRequestId": "d934e2c5-776f-a3dd-63f0-63c6c7fc2fba",
			"rawModeData": "{\n\t\"username\":\"Yadvendar\",\n\t\"password\":\"asdrf\"\n\t\n\t\n}"
		},
		{
			"id": "40d094ba-b65e-541b-845b-d6db0480b6dd",
			"headers": "Content-Type: application/json\n",
			"headerData": [
				{
					"key": "Content-Type",
					"value": "application/json",
					"description": "",
					"enabled": true
				}
			],
			"url": "{{url}}/questions",
			"queryParams": [],
			"preRequestScript": null,
			"pathVariables": {},
			"pathVariableData": [],
			"method": "GET",
			"data": [],
			"dataMode": "raw",
			"version": 2,
			"tests": null,
			"currentHelper": "normal",
			"helperAttributes": {},
			"time": 1607906486337,
			"name": "questions",
			"description": "retrive all the question from the database.",
			"collectionId": "4fc6d78a-907b-fe86-252b-d363cd17c6a1",
			"responses": [],
			"rawModeData": "{\n\t\"username\":\"Yadvendar\",\n\t\"password\":\"asdrf\"\n\t\n\t\n}"
		},
		{
			"id": "589cb8a1-c932-ccf5-1d5f-29b7c87ad197",
			"headers": "Content-Type: application/json\n",
			"headerData": [
				{
					"key": "Content-Type",
					"value": "application/json",
					"description": "",
					"enabled": true
				}
			],
			"url": "{{url}}/locations",
			"queryParams": [],
			"preRequestScript": null,
			"pathVariables": {},
			"pathVariableData": [],
			"method": "GET",
			"data": [],
			"dataMode": "raw",
			"version": 2,
			"tests": null,
			"currentHelper": "normal",
			"helperAttributes": {},
			"time": 1607904529045,
			"name": "locations",
			"description": "Get all the location region defined in the server.",
			"collectionId": "4fc6d78a-907b-fe86-252b-d363cd17c6a1",
			"responses": [],
			"rawModeData": "{\n\t\"username\":\"Yadvendar\",\n\t\"password\":\"asdrf\"\n\t\n\t\n}"
		},
		{
			"id": "5c3564b6-a4b9-79c3-9cc5-d35e9f3236ff",
			"headers": "user_id: 1\nContent-Type: application/json\n",
			"headerData": [
				{
					"key": "user_id",
					"value": "1",
					"description": "",
					"enabled": true
				},
				{
					"key": "Content-Type",
					"value": "application/json",
					"description": "",
					"enabled": true
				}
			],
			"url": "{{url}}/create_survey/admin",
			"queryParams": [],
			"preRequestScript": null,
			"pathVariables": {},
			"pathVariableData": [],
			"method": "POST",
			"data": [],
			"dataMode": "raw",
			"version": 2,
			"tests": null,
			"currentHelper": "normal",
			"helperAttributes": {},
			"time": 1607906078688,
			"name": "create_survey",
			"description": "Create a survey in the database.",
			"collectionId": "4fc6d78a-907b-fe86-252b-d363cd17c6a1",
			"responses": [],
			"rawModeData": "{\n\t\"survey_name\": \"CPSC-671\",\n\t\"questions\":\n\t{ \"data\":[\n        {\n            \"question_description\":\"Rate your experience\",\n            \"score\":0\n        },\n        {\n            \"question_description\":\"How are you\",\n            \"score\":0\n        },\n        {\n            \"question_description\":\"How is the load\",\n            \"score\":0\n        }\n\t]\n\t\t\n\t}\n}"
		},
		{
			"id": "788bbe7f-d600-593e-21ca-ba336c018ef5",
			"headers": "Content-Type: application/json\n",
			"headerData": [
				{
					"key": "Content-Type",
					"value": "application/json",
					"description": "",
					"enabled": true
				}
			],
			"url": "{{url}}/register",
			"queryParams": [],
			"preRequestScript": null,
			"pathVariables": {},
			"pathVariableData": [],
			"method": "POST",
			"data": [],
			"dataMode": "raw",
			"version": 2,
			"tests": null,
			"currentHelper": "normal",
			"helperAttributes": {},
			"time": 1607904630227,
			"name": "register",
			"description": "",
			"collectionId": "4fc6d78a-907b-fe86-252b-d363cd17c6a1",
			"responses": [],
			"rawModeData": "{\n\t\"username\":\"admin\",\n\t\"password\":\"admin\"\n\t\n\t\n}"
		},
		{
			"id": "943ed256-8771-c933-0bb9-440380ccc622",
			"headers": "Content-Type: application/json\n",
			"headerData": [
				{
					"key": "Content-Type",
					"value": "application/json",
					"description": "",
					"enabled": true
				}
			],
			"url": "{{url}}/genders",
			"queryParams": [],
			"preRequestScript": null,
			"pathVariables": {},
			"pathVariableData": [],
			"method": "GET",
			"data": [],
			"dataMode": "raw",
			"version": 2,
			"tests": null,
			"currentHelper": "normal",
			"helperAttributes": {},
			"time": 1608084465405,
			"name": "genders",
			"description": "Get all the genders",
			"collectionId": "4fc6d78a-907b-fe86-252b-d363cd17c6a1",
			"responses": [],
			"rawModeData": "{\n\t\"username\":\"Yadvendar\",\n\t\"password\":\"asdrf\"\n\t\n\t\n}"
		},
		{
			"id": "d6dd4f67-fa39-20d5-ffdc-d540ac3b3415",
			"headers": "",
			"headerData": [],
			"url": "{{url}}/surveys",
			"queryParams": [],
			"preRequestScript": null,
			"pathVariables": {},
			"pathVariableData": [],
			"method": "GET",
			"data": null,
			"dataMode": "params",
			"version": 2,
			"tests": null,
			"currentHelper": "normal",
			"helperAttributes": {},
			"time": 1607480187550,
			"name": "surveys/<username>",
			"description": "Get all the surveys created so far by particular user.",
			"collectionId": "4fc6d78a-907b-fe86-252b-d363cd17c6a1",
			"responses": [],
			"isFromCollection": true,
			"collectionRequestId": "270c1daf-fcde-f6a2-999e-8b6368a040dd"
		},
		{
			"id": "d934e2c5-776f-a3dd-63f0-63c6c7fc2fba",
			"headers": "Content-Type: application/json\n",
			"headerData": [
				{
					"key": "Content-Type",
					"value": "application/json",
					"description": "",
					"enabled": true
				}
			],
			"url": "{{url}}/surveylocations",
			"queryParams": [],
			"preRequestScript": null,
			"pathVariables": {},
			"pathVariableData": [],
			"method": "GET",
			"data": [],
			"dataMode": "raw",
			"version": 2,
			"tests": null,
			"currentHelper": "normal",
			"helperAttributes": {},
			"time": 1607912225218,
			"name": "surveylocations",
			"description": "Get all the survey and locations interpretations.",
			"collectionId": "4fc6d78a-907b-fe86-252b-d363cd17c6a1",
			"responses": [],
			"rawModeData": "{\n\t\"username\":\"Yadvendar\",\n\t\"password\":\"asdrf\"\n\t\n\t\n}"
		},
		{
			"id": "e0139072-adec-88d7-4aaf-b5aca0eb40a0",
			"headers": "Content-Type: application/json\n",
			"headerData": [
				{
					"key": "Content-Type",
					"value": "application/json",
					"description": "",
					"enabled": true
				}
			],
			"url": "{{url}}/login",
			"queryParams": [],
			"preRequestScript": null,
			"pathVariables": {},
			"pathVariableData": [],
			"method": "POST",
			"data": [],
			"dataMode": "raw",
			"version": 2,
			"tests": null,
			"currentHelper": "normal",
			"helperAttributes": {},
			"time": 1607903477731,
			"name": "login",
			"description": "User will login using this api",
			"collectionId": "4fc6d78a-907b-fe86-252b-d363cd17c6a1",
			"responses": [],
			"rawModeData": "{\n\t\"username\":\"admin\",\n\t\"password\":\"admin\"\n\t\n\t\n}"
		},
		{
			"id": "f5f13eac-8582-4ea5-3cf5-be86ff48cb65",
			"headers": "Content-Type: application/json\n",
			"headerData": [
				{
					"key": "Content-Type",
					"value": "application/json",
					"description": "",
					"enabled": true
				}
			],
			"url": "{{url}}/agegroups",
			"queryParams": [],
			"preRequestScript": null,
			"pathVariables": {},
			"pathVariableData": [],
			"method": "GET",
			"data": [],
			"dataMode": "raw",
			"version": 2,
			"tests": null,
			"currentHelper": "normal",
			"helperAttributes": {},
			"time": 1607904542539,
			"name": "agegroups",
			"description": "Get all the age groups from the table in server.",
			"collectionId": "4fc6d78a-907b-fe86-252b-d363cd17c6a1",
			"responses": [],
			"rawModeData": "{\n\t\"username\":\"Yadvendar\",\n\t\"password\":\"asdrf\"\n\t\n\t\n}"
		},
		{
			"id": "fefae6f7-30f8-57c5-5868-db877b2456f3",
			"headers": "",
			"headerData": [],
			"url": "{{url}}/survey/4",
			"queryParams": [],
			"preRequestScript": null,
			"pathVariables": {},
			"pathVariableData": [],
			"method": "GET",
			"data": [],
			"dataMode": "raw",
			"version": 2,
			"tests": null,
			"currentHelper": "normal",
			"helperAttributes": {},
			"time": 1608056141124,
			"name": "survey/<survey_id>",
			"description": "Fetch the details of particular survey",
			"collectionId": "4fc6d78a-907b-fe86-252b-d363cd17c6a1",
			"responses": [],
			"rawModeData": "{\n\t\"username\":\"Yadvendar\",\n\t\"password\":\"asdrf\"\n\t\n\t\n}"
		}
	]
}